humIGHV181,TGTGAGA,7
humIGHV181*p02,TGTGAGA,7
IGHV-PNG16_HM855875,TGCGAGAGA,9
IGHV1-18*01(L1),TGCGAGAGA,9
IGHV1-18*03_HM855463,TGCGAGAGA,9
IGHV1-18*p03,TGCGAGAGA,9
IGHV1-18*p05,TGCGAGAGA,9
IGHV1-2*01(L2),TGCGAGAGA,9
IGHV1-2*02(L2),TGCGAGAGA,9
IGHV1-2*04(L2),TGCGAGA,7
IGHV1-2*05_HM855674,TGCGAGAGA,9
IGHV1-2*p06,TGCGAGA,7
IGHV1-2*p06a,TGCGAGAGA,9
IGHV1-24*01(L1),TGCAACAGA,9
IGHV1-3*01(L1),TGCGAGAGA,9
IGHV1-3*02(L2),TGCGAGAGA,9
IGHV1-45*01(L2),TGCAAGANA,9
IGHV1-45*02(L2),TGCAAGA,7
IGHV1-45*03(L5),TGCAAGA,7
IGHV1-46*01(L1),TGCGAGAGA,9
IGHV1-46*02(L4),TGCGAGAGA,9
IGHV1-46*03(L4),TGCTAGAGA,9
IGHV1-46*p04,TGCGAGAGA,9
IGHV1-46*p04a,TGCGAGAGA,9
IGHV1-58*01(L1),TGCGGCAGA,9
IGHV1-58*02(L2),TGCGGCAGA,9
IGHV1-68*01_P,TGTATTACTGGGCAAGATA,19
IGHV1-69*01(L2),TGCGAGAGA,9
IGHV1-69*02(L2),TGCGAGAGA,9
IGHV1-69*04(L2),TGCGAGAGA,9
IGHV1-69*05(L4),TGCGAGA,7
IGHV1-69*06(L2),TGCGAGAGA,9
IGHV1-69*08,TGCGAGAGA,9
IGHV1-69*09(L2),TGCGAGAGA,9
IGHV1-69*10(L3),TGCGAGAGA,9
IGHV1-69*11,TGCGAGAGA,9
IGHV1-69*12(L4),TGCGAGAGA,9
IGHV1-69*13(L1),TGCGAGAGA,9
IGHV1-69*p14,TGCGAGAGA,9
IGHV1-69*p15,TGCGAGAGA,9
IGHV1-69*p16,TGCGAGAGA,9
IGHV1-69*p17,TGCGAGAGA,9
IGHV1-69*p18,TGCGAGAGA,9
IGHV1-8*01(L1),TGCGAGAGG,9
IGHV1-8*02_HM855457,TGCGAGAGG,9
IGHV1-8*p03,TGCGAGAGG,9
IGHV1-c*01(L5),TGCAAGA,7
IGHV1-c*PNG_HM855760,TGCAAGA,7
IGHV1-f*01(L3),TGCAACA,7
IGHV1-f*02,TGCAACA,7
IGHV1-f*p03,TGCAACA,7
IGHV1-NL1*01_P,TGTGAGAGA,9
IGHV1_VH1-14P,TGCGAGACA,9
IGHV1_VH1-67P,TGTGGGAGAGA,11
IGHV2-10*01_P,TGCAAGGAGAC,11
IGHV2-26*01(L1),TGCACGGATAC,11
IGHV2-5*01(L2),TGCACACAGACC,12
IGHV2-5*08(L5),TGCACACAGAC,11
IGHV2-5*10(L2),TGCACGG,7
IGHV2-5*p11(L4),TGCACACAGACC,12
IGHV2-70*01(L2),TGCACGGATAC,11
IGHV2-70*03,TGTATTACTG,10
IGHV2-70*10,TGCACGGATAC,11
IGHV2-70*11(L2),TGCACGGATAC,11
IGHV2-70*12(L3),TGCACACAGAC,11
IGHV2-70*13,TGCACGGATAC,11
IGHV2-70*p14(L4)/04(L5),TGCACGGATAC,11
IGHV2-70*p15,TGCACGGATAC,11
IGHV2-70*p16,TGCACGGATAC,11
IGHV2-70*p17,TGCACGGATAC,11
IGHV3-11*01(L1),TGCGAGAGA,9
IGHV3-11*03(L4),TGCGAGA,7
IGHV3-11*p04(L4),TGCGAGA,7
IGHV3-11*p05(L4),TGCGAGA,7
IGHV3-11*p06_HM855329,TGCGAGAGA,9
IGHV3-13*01(L1),TGCAAGAGA,9
IGHV3-13*02,TGCAAGAGA,9
IGHV3-13*03,TGCAAGA,7
IGHV3-13*04_HM855616,TGCAAGAGA,9
IGHV3-13*p04,TGCAAGAGA,9
IGHV3-13*p05,TGCAAGAGA,9
IGHV3-15*01(L1),TGTACCACAGA,11
IGHV3-15*02(L4),TGTACCACAGA,11
IGHV3-15*07(L4),TGTACCACAGA,11
IGHV3-15*09_HM855668,TGTACCACAGG,11
IGHV3-16*01(L5),TGTGAGAAA,9
IGHV3-16*02(L5),TGTGAGAAA,9
IGHV3-19*01_P,TGTGAGAAA,9
IGHV3-20*01(L1),TGCGAGAGA,9
IGHV3-20*p02(humIGHV154),TGCGAGA,7
IGHV3-21*01(L1),TGCGAGAGA,9
IGHV3-21*02(L4),TGCGAGAGA,9
IGHV3-21*03_HM855323,TGCGAGAGA,9
IGHV3-21*04_HM855688,TGCGAGAGA,9
IGHV3-22*01,TGTTCCAGAGA,11
IGHV3-22*02_P,TGTTCCAGAGA,11
IGHV3-23*01(L2),TGCGAAAGA,9
IGHV3-23*02,TGCGAAAGA,9
IGHV3-23*03(L1),TGCGAAA,7
IGHV3-23*04(L2),TGCGAAAGA,9
IGHV3-23*05,TGCGAAA,7
IGHV3-25*01_P,TGTACCAGAGA,11
IGHV3-25*02_P,TGTACCAGAGA,11
IGHV3-25*03_P,TGTACCAGA,9
IGHV3-25*04_HM855898,TGTACCAGA,9
IGHV3-30*01(L2),TGCGAGAGA,9
IGHV3-30*02(L1),TGCGAAAGA,9
IGHV3-30*03(L2),TGCGAGAGA,9
IGHV3-30*04(L2),TGCGAGAGA,9
IGHV3-30*05,TGCGAGAGA,9
IGHV3-30*06(L5),TGCGAGAGA,9
IGHV3-30*07,TGCGAGAGA,9
IGHV3-30*08(L5),TGCGAGA,7
IGHV3-30*09,TGCGAGAGA,9
IGHV3-30*10,TGCGAGAGA,9
IGHV3-30*11(L5),TGCGAGAGA,9
IGHV3-30*12,TGCGAGAGA,9
IGHV3-30*13,TGCGAGAGA,9
IGHV3-30*14,TGCGAGAGA,9
IGHV3-30*15,TGCGAGAGA,9
IGHV3-30*16(L5),TGCGAGAGA,9
IGHV3-30*17(L5),TGCGAGAGA,9
IGHV3-30*18(L2),TGCGAAAGA,9
IGHV3-30*19(L5),TGCGAGAGA,9
IGHV3-30*p20,TGCGAAAGA,9
IGHV3-30*p21,TGCGAGAGA,9
IGHV3-30-3*01(L2),TGCGAGAGA,9
IGHV3-30-3*02,TGCGAAAGA,9
IGHV3-32*01_P,TGTATGGCTATACATAAGGTC,21
IGHV3-33*01(L1),TGCGAGAGA,9
IGHV3-33*02,TGCGAGAGA,9
IGHV3-33*03,TGCGAAAGA,9
IGHV3-33*04,TGCGAGAGA,9
IGHV3-33*05(L3),TGCGAGAGA,9
IGHV3-33*06_HM855436,TGCGAAAGA,9
IGHV3-35*01(L5),TGTGAGAAA,9
IGHV3-38*02,TGCCAGATATA,11
IGHV3-43*01,TGCAAAAGATA,11
IGHV3-43*02(L5),TGCAAAA,7
IGHV3-43*p03(L4),TGCAAAAGATA,11
IGHV3-47*01_P,TGCAAGA,7
IGHV3-47*02,TGCAAGA,7
IGHV3-47*03_P,TGTATTATG,9
IGHV3-48*01(L2),TGCGAGAGA,9
IGHV3-48*02(L2),TGCGAGAGA,9
IGHV3-48*03(L1),TGCGAGA,7
IGHV3-48*04_HM855336,TGCGAGAGA,9
IGHV3-48*p04(L2),TGCGAGAGA,9
IGHV3-49*01,TGTACTAGAGA,11
IGHV3-49*02(L5),TGTACTAGAGA,11
IGHV3-49*03(L1),TGTACTAGAGA,11
IGHV3-49*04(L2),TGTACTAGAGA,11
IGHV3-49*05(L2),TGTACTAGAGA,11
IGHV3-52*01(humIGHV219),TGTGAGA,7
IGHV3-52*02_P,TGTGAGA,7
IGHV3-52*03(humIGHV042),TGTGAGA,7
IGHV3-53*01(L1),TGCGAGAGA,9
IGHV3-53*02(L4),TGCGAGA,7
IGHV3-53*03,TGCTAGGGA,9
IGHV3-53*04_HM855453,TGCGAGAGA,9
IGHV3-53*p05,TGCGAGAGA,9
IGHV3-54*01_P,TGTGAGY,7
IGHV3-54*02_P,TGTGAGG,7
IGHV3-54*04_P,TGTGAGT,7
IGHV3-62*01_P,TGTGAAAGA,9
IGHV3-63*01_P,TGTACATAAGGTT,13
IGHV3-63*02_P,TGTACATAA,9
IGHV3-64*01(L2),TGCGAGAGA,9
IGHV3-64*02(L2),TGCGAGAGA,9
IGHV3-64*05,TGTGAAAGA,9
IGHV3-64*p06(L4),TGTGAAAGA,9
IGHV3-64*p07(humIGHV311),TGTGAAAGA,9
IGHV3-64*p08,TGTGAAAGA,9
IGHV3-66*01(L1),TGCGAGAGA,9
IGHV3-66*02(L3),TGCGAGA,7
IGHV3-66*03(L3),TGCGAGAGA,9
IGHV3-66*04(L4),TGCGAGACA,9
IGHV3-66*p05,TGCGAGAGA,9
IGHV3-7*01(L2),TGCGAGAGA,9
IGHV3-7*02(L2),TGCGAGA,7
IGHV3-7*03_HM855666,TGCGAGAGA,9
IGHV3-71*01,TGCGAGA,7
IGHV3-72*01(L1),TGCTAGAGA,9
IGHV3-73*01(L1),TGTACTAGA,9
IGHV3-73*02(L2),TGTACTAGACA,11
IGHV3-74*01(L1),TGCAAGAGA,9
IGHV3-74*02(L2),TGCAAGA,7
IGHV3-74*03(L1),TGCAAGAGA,9
IGHV3-74*p04,TGCAAGAGA,9
IGHV3-9*01(L1),TGCAAAAGATA,11
IGHV3-9*02_HM855577,TGCAAAAGATA,11
IGHV3-9*p03,TGCAAAAGATA,11
IGHV3-9*p04,TGCAAAAGATA,11
IGHV3-9*p05,TGCAAAAGATA,11
IGHV3-d*01(L5),TGTAAGAAA,9
IGHV3-h*01_P,TGCGAGAGA,9
IGHV3-h*02_P,TGCGAGAGA,9
IGHV3-NL*01_HM855939,TGCGAAAGA,9
IGHV3_VH3-02.1P,TGTGAGTGA,9
IGHV3_VH3-05.2P,TGTGAGAGA,9
IGHV3_VH3-06P,TGTGAGAGA,9
IGHV3_VH3-13.1P,TGTATTACTTTGAGGGA,17
IGHV3_VH3-26.1P,TGCAGTCTACCTTACAAGGACCAACCTGAAAGCCAAGGGCAAGGCCGTATATTACAGTGAGGGA,64
IGHV3_VH3-29P,TGTACATAAGGTT,13
IGHV3_VH3-30.2P,TGTGAGGCA,9
IGHV3_VH3-33.2P,TGTGAGGCA,9
IGHV3_VH3-36P,TGTGGTGG,8
IGHV3_VH3-37P,TGTGAGAGA,9
IGHV3_VH3-38.1P,TGTGAGGGA,9
IGHV3_VH3-41P,TGTACCAGA,9
IGHV3_VH3-42P,TGTACTAGAGA,11
IGHV3_VH3-47.1P,TGTGAGGGA,9
IGHV3_VH3-50P,TGTATTATTGAGTCAAAGGTA,21
IGHV3_VH3-51.1P,TGCAGGAA,8
IGHV3_VH3-57P,TGTGAGGGA,9
IGHV3_VH3-60P,TGTGAAAGA,9
IGHV3_VH3-65.1P,TGTATTACTATACCAGAGA,19
IGHV3_VH3-65P,TGTATTACTATACCAGAGA,19
IGHV3_VH3-67.4P,TGTGAGCTT,9
IGHV3_VH3-75P,TGCTGGAGA,9
IGHV3_VH3-76.1P,TGTGAGAGA,9
IGHV3_VH3-76P,TGTAAGAGA,9
IGHV3_VH3-79P,TGTGAGG,7
IGHV4-28*01(L2),TGCGAGAAA,9
IGHV4-28*02(L2),TGCGAGAAA,9
IGHV4-28*03(L5),TGCGAGAGA,9
IGHV4-28*04,TGCGAGA,7
IGHV4-28*05(L5),TGTATTACTG,10
IGHV4-28*06_HM855339,TGCGAGAAA,9
IGHV4-28*07_HM855782,TGCGAGAAA,9
IGHV4-30-2*01(L1),TGCCAGAGA,9
IGHV4-30-2*02(L5),TGCG,4
IGHV4-30-2*03(L5),TGCGAGACA,9
IGHV4-30-2*04,TGCGAGAGA,9
IGHV4-30-2*05_HM855593,TGCCAGAGA,9
IGHV4-30-4*01(L1),TGCCAGAGA,9
IGHV4-30-4*02,TGCCAGAGA,9
IGHV4-30-4*03,TGTATTACTG,10
IGHV4-30-4*04,TGTATTACTG,10
IGHV4-30-4*05,TGCCAGAGA,9
IGHV4-30-4*06(L5),TGCCAGAGA,9
IGHV4-30-4*p07,TGCCAGAGA,9
IGHV4-30-4*p08,TGCCAGAGA,9
IGHV4-31*01(L4),TGCGAGAGA,9
IGHV4-31*02(L1),TGCGAGAGA,9
IGHV4-31*03(L1),TGCGAGAGA,9
IGHV4-31*04(L5),TGCG,4
IGHV4-31*05,TGCG,4
IGHV4-31*06(L5),TGTATTACTG,10
IGHV4-31*07(L5),TGTATTACTG,10
IGHV4-31*08,TGTATTACTG,10
IGHV4-31*09,TGTATTACTG,10
IGHV4-31*10,TGCGAGAGA,9
IGHV4-31*p11,TGCGAGAGA,9
IGHV4-31*p12,TGCGAGAGA,9
IGHV4-34*01(L1),TGCGAGAGG,9
IGHV4-34*02(L2),TGCGAGAGG,9
IGHV4-34*03,TGTATTACTG,10
IGHV4-34*04,TGCGAGAGG,9
IGHV4-34*05,TGCGAGAGG,9
IGHV4-34*06,TGTATTACTG,10
IGHV4-34*07,TGTATTACTG,10
IGHV4-34*08(L5),TGCG,4
IGHV4-34*09,TGCGAGA,7
IGHV4-34*10,TGCGAGA,7
IGHV4-34*11,TGCGAGA,7
IGHV4-34*12,TGCGAGA,7
IGHV4-34*p14,TGCGAGAGG,9
IGHV4-39*01(L1),TGCGAGACA,9
IGHV4-39*02,TGCGAGAGA,9
IGHV4-39*03,TGTATTACTG,10
IGHV4-39*04,TGTGACCGCCGCGGACAC,18
IGHV4-39*05(L5),TGCG,4
IGHV4-39*06,TGCGAGA,7
IGHV4-39*07(L1),TGCGAGA,7
IGHV4-39*p08,TGCGAGA,7
IGHV4-4*01(L2),TGCGAGAGA,9
IGHV4-4*02(L2),TGCGAGAGA,9
IGHV4-4*03(L5),TGTATTACTG,10
IGHV4-4*04(L5),TGTATTACTG,10
IGHV4-4*05(L5),TGTATTACTG,10
IGHV4-4*06,TGCGAGAGA,9
IGHV4-4*07(L1),TGCGAGAGA,9
IGHV4-4*p08,TGCGAGAGA,9
IGHV4-55*01(humIGHV222),TGCGAGA,7
IGHV4-55*02_P,TGCGAGATA,9
IGHV4-55*03_P,TGTATTACTG,10
IGHV4-55*04_P,TGTATTACTG,10
IGHV4-55*05_P,TGTATTACTG,10
IGHV4-55*06_P,TGTATTACTG,10
IGHV4-55*07_P,TGTATTACT,9
IGHV4-55*08_P,TGCGAGAGA,9
IGHV4-55*09_P,TGCGAGAAA,9
IGHV4-59*01(L1),TGCGAGAGA,9
IGHV4-59*02(L4),TGCGAGAGA,9
IGHV4-59*03,TGCG,4
IGHV4-59*04,TGCG,4
IGHV4-59*05,TGCG,4
IGHV4-59*06,TGCG,4
IGHV4-59*07(L5),TGCGAGA,7
IGHV4-59*08(L5),TGCGAGA,7
IGHV4-59*09(L5),TGCGAGAGG,9
IGHV4-59*10,TGCGAGATA,9
IGHV4-59*11_HM855471,TGCGAGACA,9
IGHV4-59*p11,TGCGAGAGA,9
IGHV4-59*p12,TGCGAGAGA,9
IGHV4-59*p13,TGCGAGAGA,9
IGHV4-59*p14,TGCGAGAGA,9
IGHV4-61*01(L1),TGCGAGAGA,9
IGHV4-61*02(L1),TGCGAGAGA,9
IGHV4-61*03,TGCGAGAGA,9
IGHV4-61*04,TGTATTACTG,10
IGHV4-61*05,TGCGAGA,7
IGHV4-61*06,TGCCAGAGA,9
IGHV4-61*07(L5),TGCGAGACA,9
IGHV4-61*08(L4),TGCGAGAGA,9
IGHV4-61*p09,TGCGAGAGA,9
IGHV4-61*p10,TGCGAGAGA,9
IGHV4-b*01(L1),TGCGAGA,7
IGHV4-b*02(L2),TGCGAGA,7
IGHV4_VH4-15.1P,TGCAACCCGCTTCTCAAGAGTCCAGTCACCACCTCCAGATCCACATTCAGAAAACAGTTTTTCCTACAGCTGAGCTACCCGCACAATGAGTAAACCACCATGGATTTTTATACAAAAGA,119
IGHV4_VH4-22.1P,TGCACAATCCAACCCACTCCTCAAGAGTCCAGTCACCATCTCCAGATCCACATCCAAAAAACAGTTTCTCCTACAGCTGAGCTACCTTAACAAGGAGTACACAACCATGATTTTTATACAAAAGA,125
IGHV4_VH4-26.2P,TGTGAAAGA,9
IGHV4_VH4-30.1P,TGTATTTTAGAGCAAAAGA,19
IGHV4_VH4-31.1P,TGTGAGGCA,9
IGHV4_VH4-33.1P,TGTATTTTAGAGCAAAAGA,19
IGHV4_VH4-49.1P,TGCACAGGTCATGAGGGAGAACACAACGCAACCCACGCCTCAAGAGTCCAGTCACCATCTCCAGATCCACATCCAAAACACAGTTTCTTCTACAGCTGAGCTACCTGAGCAACGAGTACACAACCATGAATTTTTACACAAAAGA,145
IGHV4_VH4-51.2P,TGTGAGAGG,9
IGHV4_VH4-53.1P,TGTATTTT,8
IGHV4_VH4-60.1P,TGTTTTAAAGAAGAGA,16
IGHV4_VH4-62.1P,TGTCCAAAAACAGTTCTTCCTACAGCTGAGCTACATGAGCAACAATCACATAGCCATATATTTTTCAGCAATAGA,75
IGHV4_VH4-65.1P,TGTAGCTGAGCTACCTGAGCAACAAGTACACAACCATGAATTTTAATACAAAAGA,55
IGHV4_VH4-78.1P,TGTATTTTTAAGCCAAAGA,19
IGHV4_VH4-80P,TGTGACCGCA,10
IGHV5-51*01(L1),TGCGAGACA,9
IGHV5-51*02,TGCGAGACA,9
IGHV5-51*03(L2),TGCGAGA,7
IGHV5-51*04,TGCGAGA,7
IGHV5-51*05(L5),TGCAGTGGAGCAGCCTGAAGGCCTCGGACACCGCCATG,38
IGHV5-78*01_P,TGTGAGA,7
IGHV5-a*01(L1),TGCGAGA,7
IGHV5-a*02,TGCGAGACA,9
IGHV5-a*03(L2),TGCGAGA,7
IGHV5-a*04,TGCGAGA,7
IGHV6-1*01(L1),TGCAAGAGA,9
IGHV6-1*02(L5),TGCAAGAGA,9
IGHV6-1*p03,TGCAAGAGA,9
IGHV7-4-1*01(L2),TGCGAGA,7
IGHV7-4-1*02(L2),TGCGAGAGA,9
IGHV7-4-1*03,TGCAGATCAGCACGCTAAAGGCTGAGGACACTG,33
IGHV7-4-1*04_HM855485,TGCGAGAGA,9
IGHV7-4-1*05_HM855361,TGCGAGAGA,9
IGHV7-40*03_P,TGCGA,5
IGHV7-81*01(L5),TGCGAGAT,8
IGHV7_VH7-27P,TGTCTTCTCCATGGACACCTCCGTCAGCATGGCATATCTTCATATCAGCAGCCTAAAGGCTGAGGACACG,70
IGHV7_VH7-34.1P,TGCGAAGTA,9
IGHV7_VH7-40P,TGTATGAGAGA,11
IGHV7_VH7-56P,TGTGAGGTA,9
